date,month,day,year,Call_Count,Temp_Avg
January/1/2013,January,1,2013,"4,897",33
January/1/2014,January,1,2014,"4,405",29
January/1/2015,January,1,2015,"4,583",33
January/1/2016,January,1,2016,"4,879",38
January/1/2017,January,1,2017,"4,928",44
February/1/2013,February,1,2013,"3,592",28
February/1/2014,February,1,2014,"3,545",41
February/1/2015,February,1,2015,"3,437",28
February/1/2016,February,1,2016,"4,124",52
February/1/2017,February,1,2017,"3,932",40
March/1/2013,March,1,2013,"3,638",41
March/1/2014,March,1,2014,"3,310",29
March/1/2015,March,1,2015,"3,590",28
March/1/2016,March,1,2016,"4,026",46
March/1/2017,March,1,2017,"3,961",62
April/1/2013,April,1,2013,"3,486",50
April/1/2014,April,1,2014,"3,897",50
April/1/2015,April,1,2015,"3,820",42
April/1/2016,April,1,2016,"4,346",70
April/1/2017,April,1,2017,"3,613",43
May/1/2013,May,1,2013,"3,552",58
May/1/2014,May,1,2014,"3,867",65
May/1/2015,May,1,2015,"4,046",56
May/1/2016,May,1,2016,"3,353",48
May/1/2017,May,1,2017,"4,346",62
June/1/2013,June,1,2013,"4,253",82
June/1/2014,June,1,2014,"3,572",66
June/1/2015,June,1,2015,"3,955",55
June/1/2016,June,1,2016,"4,170",75
June/1/2017,June,1,2017,"4,257",69
July/1/2013,July,1,2013,"3,791",75
July/1/2014,July,1,2014,"3,896",81
July/1/2015,July,1,2015,"3,992",76
July/1/2016,July,1,2016,"4,009",73
July/1/2017,July,1,2017,"4,184",78
August/1/2013,August,1,2013,"3,558",71
August/1/2014,August,1,2014,"3,817",78
August/1/2015,August,1,2015,"4,415",82
August/1/2016,August,1,2016,"4,000",75
August/1/2017,August,1,2017,"4,245",82
September/1/2013,September,1,2013,"3,669",80
September/1/2014,September,1,2014,"3,980",82
September/1/2015,September,1,2015,"4,136",83
September/1/2016,September,1,2016,"3,954",74
September/1/2017,September,1,2017,"3,972",63
October/1/2013,October,1,2013,"3,766",71
October/1/2014,October,1,2014,"3,644",63
October/1/2015,October,1,2015,"3,697",60
October/1/2016,October,1,2016,"3,704",59
October/1/2017,October,1,2017,"3,886",59
November/1/2013,November,1,2013,"4,178",65
November/1/2014,November,1,2014,"3,985",45
November/1/2015,November,1,2015,"4,318",60
November/1/2016,November,1,2016,"3,997",49
November/1/2017,November,1,2017,"4,100",51
December/1/2013,December,1,2013,"3,190",43
December/1/2014,December,1,2014,"3,872",54
December/1/2015,December,1,2015,"3,792",48
December/1/2016,December,1,2016,"4,125",48
December/1/2017,December,1,2017,"4,353",47
January/2/2013,January,2,2013,"3,752",28
January/2/2014,January,2,2014,"3,566",26
January/2/2015,January,2,2015,"3,703",39
January/2/2016,January,2,2016,"3,439",36
January/2/2017,January,2,2017,"3,685",39
February/2/2013,February,2,2013,"3,491",24
February/2/2014,February,2,2014,"3,384",48
February/2/2015,February,2,2015,"4,127",24
February/2/2016,February,2,2016,"4,077",44
February/2/2017,February,2,2017,"3,879",39
March/2/2013,March,2,2013,"3,435",36
March/2/2014,March,2,2014,"3,218",36
March/2/2015,March,2,2015,"3,887",33
March/2/2016,March,2,2016,"3,913",42
March/2/2017,March,2,2017,"3,828",50
April/2/2013,April,2,2013,"3,151",38
April/2/2014,April,2,2014,"3,898",48
April/2/2015,April,2,2015,"3,982",54
April/2/2016,April,2,2016,"3,897",55
April/2/2017,April,2,2017,"3,841",52
May/2/2013,May,2,2013,"3,774",61
May/2/2014,May,2,2014,"3,945",63
May/2/2015,May,2,2015,"3,987",61
May/2/2016,May,2,2016,"3,833",53
May/2/2017,May,2,2017,"4,409",69
June/2/2013,June,2,2013,"3,928",79
June/2/2014,June,2,2014,"4,040",70
June/2/2015,June,2,2015,"3,894",53
June/2/2016,June,2,2016,"4,073",70
June/2/2017,June,2,2017,"4,282",67
July/2/2013,July,2,2013,"3,758",77
July/2/2014,July,2,2014,"4,070",82
July/2/2015,July,2,2015,"4,178",75
July/2/2016,July,2,2016,"3,882",70
July/2/2017,July,2,2017,"4,036",80
August/2/2013,August,2,2013,"3,810",75
August/2/2014,August,2,2014,"3,570",69
August/2/2015,August,2,2015,"4,223",80
August/2/2016,August,2,2016,"4,101",74
August/2/2017,August,2,2017,"4,068",78
September/2/2013,September,2,2013,"3,580",78
September/2/2014,September,2,2014,"4,098",85
September/2/2015,September,2,2015,"4,131",83
September/2/2016,September,2,2016,"4,005",74
September/2/2017,September,2,2017,"3,885",61
October/2/2013,October,2,2013,"4,053",74
October/2/2014,October,2,2014,"3,880",66
October/2/2015,October,2,2015,"3,818",53
October/2/2016,October,2,2016,"3,710",60
October/2/2017,October,2,2017,"4,083",63
November/2/2013,November,2,2013,"3,691",62
November/2/2014,November,2,2014,"3,623",45
November/2/2015,November,2,2015,"4,003",59
November/2/2016,November,2,2016,"3,947",62
November/2/2017,November,2,2017,"4,489",65
December/2/2013,December,2,2013,"3,762",45
December/2/2014,December,2,2014,"3,654",39
December/2/2015,December,2,2015,"3,962",52
December/2/2016,December,2,2016,"4,164",46
December/2/2017,December,2,2017,"3,957",44
January/3/2013,January,3,2013,"3,993",28
January/3/2014,January,3,2014,"3,489",14
January/3/2015,January,3,2015,"3,614",38
January/3/2016,January,3,2016,"3,433",40
January/3/2017,January,3,2017,"4,302",41
February/3/2013,February,3,2013,"3,212",27
February/3/2014,February,3,2014,"3,769",35
February/3/2015,February,3,2015,"4,069",20
February/3/2016,February,3,2016,"3,904",51
February/3/2017,February,3,2017,"3,990",30
March/3/2013,March,3,2013,"3,302",35
March/3/2014,March,3,2014,"3,475",25
March/3/2015,March,3,2015,"3,888",30
March/3/2016,March,3,2016,"3,970",31
March/3/2017,March,3,2017,"3,858",32
April/3/2013,April,3,2013,"3,492",40
April/3/2014,April,3,2014,"3,938",57
April/3/2015,April,3,2015,"3,745",62
April/3/2016,April,3,2016,"3,501",42
April/3/2017,April,3,2017,"4,269",56
May/3/2013,May,3,2013,"3,854",58
May/3/2014,May,3,2014,"3,756",63
May/3/2015,May,3,2015,"4,321",66
May/3/2016,May,3,2016,"3,913",54
May/3/2017,May,3,2017,"4,114",58
June/3/2013,June,3,2013,"4,159",72
June/3/2014,June,3,2014,"3,872",76
June/3/2015,June,3,2015,"4,195",61
June/3/2016,June,3,2016,"3,989",67
June/3/2017,June,3,2017,"4,162",64
July/3/2013,July,3,2013,"3,861",78
July/3/2014,July,3,2014,"3,950",78
July/3/2015,July,3,2015,"4,071",74
July/3/2016,July,3,2016,"3,876",71
July/3/2017,July,3,2017,"4,115",80
August/3/2013,August,3,2013,"3,863",73
August/3/2014,August,3,2014,"3,549",71
August/3/2015,August,3,2015,"4,545",83
August/3/2016,August,3,2016,"3,941",73
August/3/2017,August,3,2017,"4,193",78
September/3/2013,September,3,2013,"3,599",75
September/3/2014,September,3,2014,"3,869",79
September/3/2015,September,3,2015,"4,303",84
September/3/2016,September,3,2016,"3,850",71
September/3/2017,September,3,2017,"3,578",64
October/3/2013,October,3,2013,"3,926",71
October/3/2014,October,3,2014,"4,253",64
October/3/2015,October,3,2015,"3,600",52
October/3/2016,October,3,2016,"3,842",66
October/3/2017,October,3,2017,"3,973",64
November/3/2013,November,3,2013,"3,549",46
November/3/2014,November,3,2014,"4,248",50
November/3/2015,November,3,2015,"3,847",60
November/3/2016,November,3,2016,"4,083",65
November/3/2017,November,3,2017,"4,532",63
December/3/2013,December,3,2013,"3,636",46
December/3/2014,December,3,2014,"3,721",44
December/3/2015,December,3,2015,"3,963",50
December/3/2016,December,3,2016,"3,732",44
December/3/2017,December,3,2017,"3,824",45
January/4/2013,January,4,2013,"3,945",34
January/4/2014,January,4,2014,"3,499",19
January/4/2015,January,4,2015,"3,477",49
January/4/2016,January,4,2016,"3,707",25
January/4/2017,January,4,2017,"4,450",43
February/4/2013,February,4,2013,"3,699",27
February/4/2014,February,4,2014,"3,887",29
February/4/2015,February,4,2015,"4,074",34
February/4/2016,February,4,2016,"4,027",52
February/4/2017,February,4,2017,"3,744",28
March/4/2013,March,4,2013,"3,516",35
March/4/2014,March,4,2014,"3,429",21
March/4/2015,March,4,2015,"3,891",40
March/4/2016,March,4,2016,"4,069",35
March/4/2017,March,4,2017,"3,523",24
April/4/2013,April,4,2013,"3,551",43
April/4/2014,April,4,2014,"4,001",44
April/4/2015,April,4,2015,"3,714",51
April/4/2016,April,4,2016,"3,965",37
April/4/2017,April,4,2017,"4,000",48
May/4/2013,May,4,2013,"3,572",59
May/4/2014,May,4,2014,"3,583",60
May/4/2015,May,4,2015,"4,491",71
May/4/2016,May,4,2016,"3,964",50
May/4/2017,May,4,2017,"4,205",56
June/4/2013,June,4,2013,"4,089",66
June/4/2014,June,4,2014,"3,941",73
June/4/2015,June,4,2015,"3,979",60
June/4/2016,June,4,2016,"3,970",75
June/4/2017,June,4,2017,"3,855",63
July/4/2013,July,4,2013,"3,692",81
July/4/2014,July,4,2014,"3,377",70
July/4/2015,July,4,2015,"3,897",72
July/4/2016,July,4,2016,"3,800",75
July/4/2017,July,4,2017,"3,923",78
August/4/2013,August,4,2013,"3,581",73
August/4/2014,August,4,2014,"3,905",77
August/4/2015,August,4,2015,"4,379",79
August/4/2016,August,4,2016,"3,926",74
August/4/2017,August,4,2017,"4,329",77
September/4/2013,September,4,2013,"3,560",74
September/4/2014,September,4,2014,"4,082",78
September/4/2015,September,4,2015,"4,154",79
September/4/2016,September,4,2016,"3,689",73
September/4/2017,September,4,2017,"3,966",71
October/4/2013,October,4,2013,"3,843",76
October/4/2014,October,4,2014,"3,691",61
October/4/2015,October,4,2015,"3,598",58
October/4/2016,October,4,2016,"3,656",65
October/4/2017,October,4,2017,"4,190",66
November/4/2013,November,4,2013,"3,541",41
November/4/2014,November,4,2014,"3,797",61
November/4/2015,November,4,2015,"3,921",63
November/4/2016,November,4,2016,"4,129",54
November/4/2017,November,4,2017,"3,831",51
December/4/2013,December,4,2013,"3,723",47
December/4/2014,December,4,2014,"3,759",41
December/4/2015,December,4,2015,"3,931",47
December/4/2016,December,4,2016,"3,512",43
December/4/2017,December,4,2017,"4,340",46
January/5/2013,January,5,2013,"3,420",37
January/5/2014,January,5,2014,"4,156",34
January/5/2015,January,5,2015,"4,018",35
January/5/2016,January,5,2016,"3,614",20
January/5/2017,January,5,2017,"3,957",31
February/5/2013,February,5,2013,"3,579",30
February/5/2014,February,5,2014,"3,532",32
February/5/2015,February,5,2015,"3,849",28
February/5/2016,February,5,2016,"4,007",38
February/5/2017,February,5,2017,"3,773",37
March/5/2013,March,5,2013,"3,647",40
March/5/2014,March,5,2014,"3,644",33
March/5/2015,March,5,2015,"3,721",30
March/5/2016,March,5,2016,"3,876",35
March/5/2017,March,5,2017,"3,361",26
April/5/2013,April,5,2013,"3,715",53
April/5/2014,April,5,2014,"3,737",47
April/5/2015,April,5,2015,"3,469",52
April/5/2016,April,5,2016,"3,877",35
April/5/2017,April,5,2017,"4,175",55
May/5/2013,May,5,2013,"3,611",55
May/5/2014,May,5,2014,"3,957",60
May/5/2015,May,5,2015,"4,391",76
May/5/2016,May,5,2016,"3,787",52
May/5/2017,May,5,2017,"4,046",55
June/5/2013,June,5,2013,"3,975",66
June/5/2014,June,5,2014,"3,679",69
June/5/2015,June,5,2015,"4,058",63
June/5/2016,June,5,2016,"3,585",68
June/5/2017,June,5,2017,"4,271",63
July/5/2013,July,5,2013,"4,362",83
July/5/2014,July,5,2014,"3,942",72
July/5/2015,July,5,2015,"4,139",76
July/5/2016,July,5,2016,"4,295",78
July/5/2017,July,5,2017,"4,399",78
August/5/2013,August,5,2013,"3,578",70
August/5/2014,August,5,2014,"3,886",81
August/5/2015,August,5,2015,"4,253",80
August/5/2016,August,5,2016,"3,993",76
August/5/2017,August,5,2017,"3,911",74
September/5/2013,September,5,2013,"3,386",72
September/5/2014,September,5,2014,"4,033",80
September/5/2015,September,5,2015,"3,933",75
September/5/2016,September,5,2016,"3,812",75
September/5/2017,September,5,2017,"4,201",77
October/5/2013,October,5,2013,"3,535",70
October/5/2014,October,5,2014,"3,509",54
October/5/2015,October,5,2015,"4,116",60
October/5/2016,October,5,2016,"4,001",60
October/5/2017,October,5,2017,"4,257",74
November/5/2013,November,5,2013,"3,274",48
November/5/2014,November,5,2014,"3,781",60
November/5/2015,November,5,2015,"3,968",64
November/5/2016,November,5,2016,"3,598",53
November/5/2017,November,5,2017,"4,084",56
December/5/2013,December,5,2013,"3,801",54
December/5/2014,December,5,2014,"3,715",39
December/5/2015,December,5,2015,"3,809",46
December/5/2016,December,5,2016,"4,145",44
December/5/2017,December,5,2017,"4,213",56
January/6/2013,January,6,2013,"3,442",40
January/6/2014,January,6,2014,"4,062",37
January/6/2015,January,6,2015,"3,967",21
January/6/2016,January,6,2016,"3,913",33
January/6/2017,January,6,2017,"4,097",29
February/6/2013,February,6,2013,"3,521",34
February/6/2014,February,6,2014,"4,040",27
February/6/2015,February,6,2015,"3,877",20
February/6/2016,February,6,2016,"3,798",35
February/6/2017,February,6,2017,"4,153",43
March/6/2013,March,6,2013,"3,366",40
March/6/2014,March,6,2014,"3,411",24
March/6/2015,March,6,2015,"4,133",20
March/6/2016,March,6,2016,"3,749",38
March/6/2017,March,6,2017,"3,860",36
April/6/2013,April,6,2013,"3,451",44
April/6/2014,April,6,2014,"3,487",49
April/6/2015,April,6,2015,"3,886",53
April/6/2016,April,6,2016,"3,895",39
April/6/2017,April,6,2017,"3,946",47
May/6/2013,May,6,2013,"3,978",58
May/6/2014,May,6,2014,"3,822",62
May/6/2015,May,6,2015,"4,237",66
May/6/2016,May,6,2016,"3,936",51
May/6/2017,May,6,2017,"4,031",60
June/6/2013,June,6,2013,"3,816",65
June/6/2014,June,6,2014,"4,074",69
June/6/2015,June,6,2015,"3,937",68
June/6/2016,June,6,2016,"4,309",74
June/6/2017,June,6,2017,"3,898",55
July/6/2013,July,6,2013,"3,827",85
July/6/2014,July,6,2014,"3,673",75
July/6/2015,July,6,2015,"4,328",78
July/6/2016,July,6,2016,"4,172",83
July/6/2017,July,6,2017,"3,967",74
August/6/2013,August,6,2013,"3,652",73
August/6/2014,August,6,2014,"3,709",77
August/6/2015,August,6,2015,"4,125",75
August/6/2016,August,6,2016,"4,051",80
August/6/2017,August,6,2017,"3,762",70
September/6/2013,September,6,2013,"3,572",65
September/6/2014,September,6,2014,"4,113",79
September/6/2015,September,6,2015,"3,929",76
September/6/2016,September,6,2016,"3,845",76
September/6/2017,September,6,2017,"3,789",67
October/6/2013,October,6,2013,"3,449",68
October/6/2014,October,6,2014,"4,133",60
October/6/2015,October,6,2015,"4,257",63
October/6/2016,October,6,2016,"3,983",64
October/6/2017,October,6,2017,"4,344",75
November/6/2013,November,6,2013,"3,594",55
November/6/2014,November,6,2014,"3,790",53
November/6/2015,November,6,2015,"4,090",70
November/6/2016,November,6,2016,"3,868",52
November/6/2017,November,6,2017,"4,305",56
December/6/2013,December,6,2013,"3,800",50
December/6/2014,December,6,2014,"3,637",45
December/6/2015,December,6,2015,"3,625",46
December/6/2016,December,6,2016,"4,051",42
December/6/2017,December,6,2017,"4,124",50
January/7/2013,January,7,2013,"4,006",41
January/7/2014,January,7,2014,"3,613",12
January/7/2015,January,7,2015,"3,561",16
January/7/2016,January,7,2016,"3,862",39
January/7/2017,January,7,2017,"3,948",23
February/7/2013,February,7,2013,"3,542",29
February/7/2014,February,7,2014,"3,770",28
February/7/2015,February,7,2015,"3,626",33
February/7/2016,February,7,2016,"3,539",40
February/7/2017,February,7,2017,"4,009",39
March/7/2013,March,7,2013,"3,284",36
March/7/2014,March,7,2014,"3,671",32
March/7/2015,March,7,2015,"3,781",28
March/7/2016,March,7,2016,"4,353",48
March/7/2017,March,7,2017,"3,801",49
April/7/2013,April,7,2013,"3,346",48
April/7/2014,April,7,2014,"3,939",48
April/7/2015,April,7,2015,"3,679",52
April/7/2016,April,7,2016,"3,948",53
April/7/2017,April,7,2017,"4,173",46
May/7/2013,May,7,2013,"3,757",63
May/7/2014,May,7,2014,"3,901",60
May/7/2015,May,7,2015,"4,287",68
May/7/2016,May,7,2016,"3,690",54
May/7/2017,May,7,2017,"3,758",52
June/7/2013,June,7,2013,"3,632",61
June/7/2014,June,7,2014,"3,858",71
June/7/2015,June,7,2015,"3,928",65
June/7/2016,June,7,2016,"4,116",75
June/7/2017,June,7,2017,"4,030",59
July/7/2013,July,7,2013,"3,936",85
July/7/2014,July,7,2014,"3,882",81
July/7/2015,July,7,2015,"4,289",82
July/7/2016,July,7,2016,"4,363",83
July/7/2017,July,7,2017,"4,109",74
August/7/2013,August,7,2013,"3,473",75
August/7/2014,August,7,2014,"3,795",75
August/7/2015,August,7,2015,"4,350",77
August/7/2016,August,7,2016,"3,834",78
August/7/2017,August,7,2017,"3,851",68
September/7/2013,September,7,2013,"3,476",70
September/7/2014,September,7,2014,"3,730",73
September/7/2015,September,7,2015,"3,988",81
September/7/2016,September,7,2016,"3,954",78
September/7/2017,September,7,2017,"3,947",65
October/7/2013,October,7,2013,"3,693",68
October/7/2014,October,7,2014,"3,985",67
October/7/2015,October,7,2015,"4,111",66
October/7/2016,October,7,2016,"4,127",66
October/7/2017,October,7,2017,"4,266",74
November/7/2013,November,7,2013,"3,539",54
November/7/2014,November,7,2014,"3,610",47
November/7/2015,November,7,2015,"3,759",63
November/7/2016,November,7,2016,"3,906",47
November/7/2017,November,7,2017,"3,697",45
December/7/2013,December,7,2013,"3,366",37
December/7/2014,December,7,2014,"3,351",36
December/7/2015,December,7,2015,"4,063",48
December/7/2016,December,7,2016,"4,078",43
December/7/2017,December,7,2017,"4,096",41
January/8/2013,January,8,2013,"4,035",42
January/8/2014,January,8,2014,"3,617",16
January/8/2015,January,8,2015,"3,545",15
January/8/2016,January,8,2016,"3,874",39
January/8/2017,January,8,2017,"3,634",21
February/8/2013,February,8,2013,"3,339",31
February/8/2014,February,8,2014,"3,451",25
February/8/2015,February,8,2015,"3,452",33
February/8/2016,February,8,2016,"3,769",34
February/8/2017,February,8,2017,"4,315",50
March/8/2013,March,8,2013,"3,445",37
March/8/2014,March,8,2014,"3,504",46
March/8/2015,March,8,2015,"3,471",43
March/8/2016,March,8,2016,"4,281",57
March/8/2017,March,8,2017,"3,805",53
April/8/2013,April,8,2013,"3,795",62
April/8/2014,April,8,2014,"3,907",55
April/8/2015,April,8,2015,"3,430",41
April/8/2016,April,8,2016,"3,922",45
April/8/2017,April,8,2017,"3,709",49
May/8/2013,May,8,2013,"3,707",59
May/8/2014,May,8,2014,"3,631",56
May/8/2015,May,8,2015,"4,303",69
May/8/2016,May,8,2016,"3,642",58
May/8/2017,May,8,2017,"4,225",51
June/8/2013,June,8,2013,"3,714",67
June/8/2014,June,8,2014,"3,811",76
June/8/2015,June,8,2015,"4,238",71
June/8/2016,June,8,2016,"3,862",60
June/8/2017,June,8,2017,"3,913",62
July/8/2013,July,8,2013,"3,780",81
July/8/2014,July,8,2014,"3,830",81
July/8/2015,July,8,2015,"4,302",83
July/8/2016,July,8,2016,"4,101",77
July/8/2017,July,8,2017,"3,988",77
August/8/2013,August,8,2013,"3,448",76
August/8/2014,August,8,2014,"3,907",74
August/8/2015,August,8,2015,"4,124",75
August/8/2016,August,8,2016,"4,151",79
August/8/2017,August,8,2017,"3,988",72
September/8/2013,September,8,2013,"3,384",74
September/8/2014,September,8,2014,"4,010",70
September/8/2015,September,8,2015,"4,363",87
September/8/2016,September,8,2016,"4,169",80
September/8/2017,September,8,2017,"4,015",65
October/8/2013,October,8,2013,"3,550",61
October/8/2014,October,8,2014,"4,096",68
October/8/2015,October,8,2015,"4,126",66
October/8/2016,October,8,2016,"3,809",63
October/8/2017,October,8,2017,"3,934",75
November/8/2013,November,8,2013,"3,483",45
November/8/2014,November,8,2014,"3,520",42
November/8/2015,November,8,2015,"3,449",51
November/8/2016,November,8,2016,"3,686",54
November/8/2017,November,8,2017,"3,915",44
December/8/2013,December,8,2013,"3,080",31
December/8/2014,December,8,2014,"3,793",31
December/8/2015,December,8,2015,"3,594",45
December/8/2016,December,8,2016,"4,100",40
December/8/2017,December,8,2017,"4,124",37
January/9/2013,January,9,2013,"3,805",44
January/9/2014,January,9,2014,"3,719",27
January/9/2015,January,9,2015,"4,222",26
January/9/2016,January,9,2016,"3,765",44
January/9/2017,January,9,2017,"4,258",19
February/9/2013,February,9,2013,"3,307",27
February/9/2014,February,9,2014,"3,272",26
February/9/2015,February,9,2015,"3,822",27
February/9/2016,February,9,2016,"3,846",32
February/9/2017,February,9,2017,"3,368",32
March/9/2013,March,9,2013,"3,554",45
March/9/2014,March,9,2014,"3,239",40
March/9/2015,March,9,2015,"4,303",47
March/9/2016,March,9,2016,"4,395",61
March/9/2017,March,9,2017,"3,946",54
April/9/2013,April,9,2013,"3,803",67
April/9/2014,April,9,2014,"4,021",53
April/9/2015,April,9,2015,"3,533",40
April/9/2016,April,9,2016,"3,482",40
April/9/2017,April,9,2017,"3,755",56
May/9/2013,May,9,2013,"3,654",61
May/9/2014,May,9,2014,"3,710",59
May/9/2015,May,9,2015,"3,833",64
May/9/2016,May,9,2016,"4,176",62
May/9/2017,May,9,2017,"4,050",55
June/9/2013,June,9,2013,"3,804",72
June/9/2014,June,9,2014,"3,821",68
June/9/2015,June,9,2015,"4,227",76
June/9/2016,June,9,2016,"3,832",63
June/9/2017,June,9,2017,"4,356",67
July/9/2013,July,9,2013,"3,833",81
July/9/2014,July,9,2014,"3,837",80
July/9/2015,July,9,2015,"4,034",74
July/9/2016,July,9,2016,"3,693",69
July/9/2017,July,9,2017,"3,856",74
August/9/2013,August,9,2013,"3,764",80
August/9/2014,August,9,2014,"3,859",77
August/9/2015,August,9,2015,"3,991",77
August/9/2016,August,9,2016,"3,965",79
August/9/2017,August,9,2017,"4,127",75
September/9/2013,September,9,2013,"3,387",65
September/9/2014,September,9,2014,"3,719",68
September/9/2015,September,9,2015,"4,143",83
September/9/2016,September,9,2016,"4,330",83
September/9/2017,September,9,2017,"3,913",63
October/9/2013,October,9,2013,"3,510",58
October/9/2014,October,9,2014,"3,933",62
October/9/2015,October,9,2015,"4,204",70
October/9/2016,October,9,2016,"3,447",58
October/9/2017,October,9,2017,"3,880",74
November/9/2013,November,9,2013,"3,367",44
November/9/2014,November,9,2014,"3,467",52
November/9/2015,November,9,2015,"3,965",51
November/9/2016,November,9,2016,"3,841",54
November/9/2017,November,9,2017,"4,011",47
December/9/2013,December,9,2013,"3,623",35
December/9/2014,December,9,2014,"3,677",39
December/9/2015,December,9,2015,"3,651",48
December/9/2016,December,9,2016,"3,932",34
December/9/2017,December,9,2017,"3,786",33
January/10/2013,January,10,2013,"4,048",44
January/10/2014,January,10,2014,"4,232",34
January/10/2015,January,10,2015,"3,501",20
January/10/2016,January,10,2016,"3,492",50
January/10/2017,January,10,2017,"4,152",34
February/10/2013,February,10,2013,"3,287",27
February/10/2014,February,10,2014,"3,689",25
February/10/2015,February,10,2015,"3,870",33
February/10/2016,February,10,2016,"3,921",35
February/10/2017,February,10,2017,"4,122",26
March/10/2013,March,10,2013,"3,234",43
March/10/2014,March,10,2014,"3,824",44
March/10/2015,March,10,2015,"3,974",46
March/10/2016,March,10,2016,"4,450",71
March/10/2017,March,10,2017,"3,669",35
April/10/2013,April,10,2013,"3,825",65
April/10/2014,April,10,2014,"4,001",50
April/10/2015,April,10,2015,"3,735",48
April/10/2016,April,10,2016,"3,582",41
April/10/2017,April,10,2017,"4,048",64
May/10/2013,May,10,2013,"4,281",69
May/10/2014,May,10,2014,"3,704",70
May/10/2015,May,10,2015,"3,894",72
May/10/2016,May,10,2016,"3,973",57
May/10/2017,May,10,2017,"4,094",56
June/10/2013,June,10,2013,"3,817",66
June/10/2014,June,10,2014,"3,859",71
June/10/2015,June,10,2015,"4,347",74
June/10/2016,June,10,2016,"4,279",67
June/10/2017,June,10,2017,"4,452",76
July/10/2013,July,10,2013,"3,967",80
July/10/2014,July,10,2014,"3,746",78
July/10/2015,July,10,2015,"4,268",78
July/10/2016,July,10,2016,"3,864",73
July/10/2017,July,10,2017,"4,363",76
August/10/2013,August,10,2013,"3,809",77
August/10/2014,August,10,2014,"3,806",78
August/10/2015,August,10,2015,"4,079",77
August/10/2016,August,10,2016,"4,033",81
August/10/2017,August,10,2017,"4,227",76
September/10/2013,September,10,2013,"3,719",78
September/10/2014,September,10,2014,"3,727",72
September/10/2015,September,10,2015,"3,921",75
September/10/2016,September,10,2016,"4,257",82
September/10/2017,September,10,2017,"3,678",65
October/10/2013,October,10,2013,"3,485",60
October/10/2014,October,10,2014,"3,974",58
October/10/2015,October,10,2015,"3,888",58
October/10/2016,October,10,2016,"3,749",56
October/10/2017,October,10,2017,"4,472",74
November/10/2013,November,10,2013,"3,303",53
November/10/2014,November,10,2014,"3,945",53
November/10/2015,November,10,2015,"3,809",54
November/10/2016,November,10,2016,"3,871",48
November/10/2017,November,10,2017,"3,833",38
December/10/2013,December,10,2013,"3,395",34
December/10/2014,December,10,2014,"3,875",36
December/10/2015,December,10,2015,"4,048",56
December/10/2016,December,10,2016,"3,786",32
December/10/2017,December,10,2017,"3,778",34
January/11/2013,January,11,2013,"4,102",42
January/11/2014,January,11,2014,"3,685",48
January/11/2015,January,11,2015,"3,340",28
January/11/2016,January,11,2016,"3,789",33
January/11/2017,January,11,2017,"4,310",47
February/11/2013,February,11,2013,"3,953",40
February/11/2014,February,11,2014,"3,535",21
February/11/2015,February,11,2015,"3,937",28
February/11/2016,February,11,2016,"3,848",25
February/11/2017,February,11,2017,"4,015",39
March/11/2013,March,11,2013,"3,706",47
March/11/2014,March,11,2014,"3,855",56
March/11/2015,March,11,2015,"3,991",52
March/11/2016,March,11,2016,"4,428",58
March/11/2017,March,11,2017,"3,423",23
April/11/2013,April,11,2013,"3,547",54
April/11/2014,April,11,2014,"4,146",66
April/11/2015,April,11,2015,"3,975",51
April/11/2016,April,11,2016,"4,069",54
April/11/2017,April,11,2017,"3,965",71
May/11/2013,May,11,2013,"3,644",66
May/11/2014,May,11,2014,"3,839",71
May/11/2015,May,11,2015,"4,525",77
May/11/2016,May,11,2016,"4,268",63
May/11/2017,May,11,2017,"4,081",57
June/11/2013,June,11,2013,"3,767",72
June/11/2014,June,11,2014,"3,622",66
June/11/2015,June,11,2015,"4,566",81
June/11/2016,June,11,2016,"4,241",74
June/11/2017,June,11,2017,"4,362",81
July/11/2013,July,11,2013,"3,695",80
July/11/2014,July,11,2014,"3,716",79
July/11/2015,July,11,2015,"4,262",79
July/11/2016,July,11,2016,"4,081",73
July/11/2017,July,11,2017,"4,153",80
August/11/2013,August,11,2013,"3,545",73
August/11/2014,August,11,2014,"4,001",79
August/11/2015,August,11,2015,"3,827",76
August/11/2016,August,11,2016,"4,319",83
August/11/2017,August,11,2017,"3,979",76
September/11/2013,September,11,2013,"3,745",87
September/11/2014,September,11,2014,"3,974",76
September/11/2015,September,11,2015,"4,110",74
September/11/2016,September,11,2016,"3,896",75
September/11/2017,September,11,2017,"4,110",66
October/11/2013,October,11,2013,"3,590",64
October/11/2014,October,11,2014,"3,513",55
October/11/2015,October,11,2015,"3,786",61
October/11/2016,October,11,2016,"4,032",55
October/11/2017,October,11,2017,"4,079",69
November/11/2013,November,11,2013,"3,264",48
November/11/2014,November,11,2014,"3,421",57
November/11/2015,November,11,2015,"3,511",54
November/11/2016,November,11,2016,"3,678",52
November/11/2017,November,11,2017,"3,792",31
December/11/2013,December,11,2013,"3,489",30
December/11/2014,December,11,2014,"3,922",35
December/11/2015,December,11,2015,"4,027",56
December/11/2016,December,11,2016,"3,571",32
December/11/2017,December,11,2017,"4,296",37
January/12/2013,January,12,2013,"3,647",45
January/12/2014,January,12,2014,"3,282",46
January/12/2015,January,12,2015,"4,044",37
January/12/2016,January,12,2016,"3,702",35
January/12/2017,January,12,2017,"4,407",57
February/12/2013,February,12,2013,"3,563",40
February/12/2014,February,12,2014,"3,532",19
February/12/2015,February,12,2015,"3,781",28
February/12/2016,February,12,2016,"3,872",21
February/12/2017,February,12,2017,"3,590",35
March/12/2013,March,12,2013,"3,364",50
March/12/2014,March,12,2014,"3,765",44
March/12/2015,March,12,2015,"3,942",42
March/12/2016,March,12,2016,"3,997",50
March/12/2017,March,12,2017,"3,288",24
April/12/2013,April,12,2013,"3,631",44
April/12/2014,April,12,2014,"3,857",62
April/12/2015,April,12,2015,"3,683",55
April/12/2016,April,12,2016,"3,824",52
April/12/2017,April,12,2017,"3,831",67
May/12/2013,May,12,2013,"3,540",61
May/12/2014,May,12,2014,"4,230",75
May/12/2015,May,12,2015,"4,384",75
May/12/2016,May,12,2016,"4,178",68
May/12/2017,May,12,2017,"4,278",57
June/12/2013,June,12,2013,"3,803",71
June/12/2014,June,12,2014,"3,699",67
June/12/2015,June,12,2015,"4,766",81
June/12/2016,June,12,2016,"4,062",73
June/12/2017,June,12,2017,"4,544",85
July/12/2013,July,12,2013,"3,744",73
July/12/2014,July,12,2014,"3,782",78
July/12/2015,July,12,2015,"4,137",81
July/12/2016,July,12,2016,"4,109",75
July/12/2017,July,12,2017,"4,264",83
August/12/2013,August,12,2013,"3,769",76
August/12/2014,August,12,2014,"3,724",75
August/12/2015,August,12,2015,"4,027",78
August/12/2016,August,12,2016,"4,286",83
August/12/2017,August,12,2017,"3,905",71
September/12/2013,September,12,2013,"3,877",79
September/12/2014,September,12,2014,"3,896",70
September/12/2015,September,12,2015,"4,055",74
September/12/2016,September,12,2016,"3,963",70
September/12/2017,September,12,2017,"4,205",69
October/12/2013,October,12,2013,"3,520",66
October/12/2014,October,12,2014,"3,541",56
October/12/2015,October,12,2015,"3,821",67
October/12/2016,October,12,2016,"3,806",60
October/12/2017,October,12,2017,"4,031",60
November/12/2013,November,12,2013,"3,338",42
November/12/2014,November,12,2014,"3,759",56
November/12/2015,November,12,2015,"3,914",56
November/12/2016,November,12,2016,"3,584",44
November/12/2017,November,12,2017,"3,613",39
December/12/2013,December,12,2013,"3,522",27
December/12/2014,December,12,2014,"3,996",35
December/12/2015,December,12,2015,"3,951",61
December/12/2016,December,12,2016,"4,076",40
December/12/2017,December,12,2017,"4,143",40
January/13/2013,January,13,2013,"3,550",47
January/13/2014,January,13,2014,"3,901",44
January/13/2015,January,13,2015,"3,715",27
January/13/2016,January,13,2016,"3,718",26
January/13/2017,January,13,2017,"4,073",47
February/13/2013,February,13,2013,"3,535",39
February/13/2014,February,13,2014,"3,274",30
February/13/2015,February,13,2015,"3,817",15
February/13/2016,February,13,2016,"3,622",14
February/13/2017,February,13,2017,"4,058",35
March/13/2013,March,13,2013,"3,629",45
March/13/2014,March,13,2014,"3,544",25
March/13/2015,March,13,2015,"3,846",37
March/13/2016,March,13,2016,"3,666",56
March/13/2017,March,13,2017,"4,036",28
April/13/2013,April,13,2013,"3,414",50
April/13/2014,April,13,2014,"3,653",66
April/13/2015,April,13,2015,"4,237",59
April/13/2016,April,13,2016,"4,038",49
April/13/2017,April,13,2017,"3,793",57
May/13/2013,May,13,2013,"3,763",52
May/13/2014,May,13,2014,"3,799",63
May/13/2015,May,13,2015,"4,207",62
May/13/2016,May,13,2016,"3,941",61
May/13/2017,May,13,2017,"3,559",49
June/13/2013,June,13,2013,"3,511",62
June/13/2014,June,13,2014,"3,824",72
June/13/2015,June,13,2015,"4,338",79
June/13/2016,June,13,2016,"4,051",66
June/13/2017,June,13,2017,"4,671",86
July/13/2013,July,13,2013,"3,694",74
July/13/2014,July,13,2014,"3,701",78
July/13/2015,July,13,2015,"4,346",81
July/13/2016,July,13,2016,"4,048",78
July/13/2017,July,13,2017,"4,344",82
August/13/2013,August,13,2013,"3,495",73
August/13/2014,August,13,2014,"3,652",75
August/13/2015,August,13,2015,"4,118",75
August/13/2016,August,13,2016,"4,475",89
August/13/2017,August,13,2017,"4,009",77
September/13/2013,September,13,2013,"3,739",68
September/13/2014,September,13,2014,"3,436",64
September/13/2015,September,13,2015,"3,743",71
September/13/2016,September,13,2016,"4,154",74
September/13/2017,September,13,2017,"4,310",74
October/13/2013,October,13,2013,"3,331",61
October/13/2014,October,13,2014,"3,478",59
October/13/2015,October,13,2015,"4,245",67
October/13/2016,October,13,2016,"4,097",60
October/13/2017,October,13,2017,"4,027",60
November/13/2013,November,13,2013,"3,385",34
November/13/2014,November,13,2014,"3,681",42
November/13/2015,November,13,2015,"3,899",52
November/13/2016,November,13,2016,"3,555",51
November/13/2017,November,13,2017,"4,023",43
December/13/2013,December,13,2013,"3,624",29
December/13/2014,December,13,2014,"3,746",39
December/13/2015,December,13,2015,"3,765",61
December/13/2016,December,13,2016,"4,098",39
December/13/2017,December,13,2017,"3,919",26
January/14/2013,January,14,2013,"3,943",47
January/14/2014,January,14,2014,"3,779",48
January/14/2015,January,14,2015,"3,639",24
January/14/2016,January,14,2016,"3,709",30
January/14/2017,January,14,2017,"3,663",31
February/14/2013,February,14,2013,"3,610",40
February/14/2014,February,14,2014,"3,695",36
February/14/2015,February,14,2015,"3,457",24
February/14/2016,February,14,2016,"3,443",7
February/14/2017,February,14,2017,"4,025",35
March/14/2013,March,14,2013,"3,382",35
March/14/2014,March,14,2014,"3,883",34
March/14/2015,March,14,2015,"3,541",46
March/14/2016,March,14,2016,"4,083",46
March/14/2017,March,14,2017,"3,180",27
April/14/2013,April,14,2013,"3,339",52
April/14/2014,April,14,2014,"3,817",67
April/14/2015,April,14,2015,"3,980",60
April/14/2016,April,14,2016,"3,898",53
April/14/2017,April,14,2017,"3,781",57
May/14/2013,May,14,2013,"3,571",52
May/14/2014,May,14,2014,"3,893",62
May/14/2015,May,14,2015,"4,134",62
May/14/2016,May,14,2016,"3,782",65
May/14/2017,May,14,2017,"3,675",57
June/14/2013,June,14,2013,"3,706",63
June/14/2014,June,14,2014,"3,580",67
June/14/2015,June,14,2015,"4,212",77
June/14/2016,June,14,2016,"3,919",69
June/14/2017,June,14,2017,"4,528",77
July/14/2013,July,14,2013,"3,812",82
July/14/2014,July,14,2014,"3,925",78
July/14/2015,July,14,2015,"4,227",78
July/14/2016,July,14,2016,"4,143",81
July/14/2017,July,14,2017,"3,685",69
August/14/2013,August,14,2013,"3,567",68
August/14/2014,August,14,2014,"3,814",70
August/14/2015,August,14,2015,"4,321",78
August/14/2016,August,14,2016,"4,295",86
August/14/2017,August,14,2017,"4,167",75
September/14/2013,September,14,2013,"3,475",61
September/14/2014,September,14,2014,"3,607",62
September/14/2015,September,14,2015,"4,099",68
September/14/2016,September,14,2016,"4,088",79
September/14/2017,September,14,2017,"4,391",76
October/14/2013,October,14,2013,"3,298",59
October/14/2014,October,14,2014,"4,196",70
October/14/2015,October,14,2015,"4,001",63
October/14/2016,October,14,2016,"3,991",55
October/14/2017,October,14,2017,"4,031",67
November/14/2013,November,14,2013,"3,448",43
November/14/2014,November,14,2014,"3,600",39
November/14/2015,November,14,2015,"3,507",46
November/14/2016,November,14,2016,"4,070",54
November/14/2017,November,14,2017,"3,912",42
December/14/2013,December,14,2013,"3,573",28
December/14/2014,December,14,2014,"3,623",42
December/14/2015,December,14,2015,"4,080",60
December/14/2016,December,14,2016,"4,115",38
December/14/2017,December,14,2017,"4,080",27
January/15/2013,January,15,2013,"3,547",37
January/15/2014,January,15,2014,"3,747",43
January/15/2015,January,15,2015,"3,944",30
January/15/2016,January,15,2016,"3,858",43
January/15/2017,January,15,2017,"3,627",34
February/15/2013,February,15,2013,"3,773",46
February/15/2014,February,15,2014,"3,598",32
February/15/2015,February,15,2015,"3,467",15
February/15/2016,February,15,2016,"3,785",24
February/15/2017,February,15,2017,"4,112",41
March/15/2013,March,15,2013,"3,632",39
March/15/2014,March,15,2014,"3,696",50
March/15/2015,March,15,2015,"3,292",40
March/15/2016,March,15,2016,"4,182",51
March/15/2017,March,15,2017,"4,224",23
April/15/2013,April,15,2013,"3,734",52
April/15/2014,April,15,2014,"3,467",48
April/15/2015,April,15,2015,"3,961",62
April/15/2016,April,15,2016,"3,950",54
April/15/2017,April,15,2017,"3,726",58
May/15/2013,May,15,2013,"3,794",61
May/15/2014,May,15,2014,"4,011",65
May/15/2015,May,15,2015,"4,226",65
May/15/2016,May,15,2016,"3,569",53
May/15/2017,May,15,2017,"4,364",61
June/15/2013,June,15,2013,"3,766",71
June/15/2014,June,15,2014,"3,616",70
June/15/2015,June,15,2015,"4,349",74
June/15/2016,June,15,2016,"4,088",74
June/15/2017,June,15,2017,"4,257",70
July/15/2013,July,15,2013,"4,009",86
July/15/2014,July,15,2014,"3,722",79
July/15/2015,July,15,2015,"3,995",77
July/15/2016,July,15,2016,"4,312",84
July/15/2017,July,15,2017,"4,095",76
August/15/2013,August,15,2013,"3,483",69
August/15/2014,August,15,2014,"3,620",67
August/15/2015,August,15,2015,"4,313",83
August/15/2016,August,15,2016,"4,363",85
August/15/2017,August,15,2017,"3,894",71
September/15/2013,September,15,2013,"3,361",62
September/15/2014,September,15,2014,"3,986",63
September/15/2015,September,15,2015,"3,936",73
September/15/2016,September,15,2016,"3,898",68
September/15/2017,September,15,2017,"4,508",74
October/15/2013,October,15,2013,"3,786",63
October/15/2014,October,15,2014,"4,038",73
October/15/2015,October,15,2015,"4,084",58
October/15/2016,October,15,2016,"3,750",55
October/15/2017,October,15,2017,"3,945",70
November/15/2013,November,15,2013,"3,791",51
November/15/2014,November,15,2014,"3,388",38
November/15/2015,November,15,2015,"3,527",49
November/15/2016,November,15,2016,"3,794",52
November/15/2017,November,15,2017,"3,973",44
December/15/2013,December,15,2013,"3,308",35
December/15/2014,December,15,2014,"4,126",43
December/15/2015,December,15,2015,"3,907",61
December/15/2016,December,15,2016,"4,145",27
December/15/2017,December,15,2017,"4,503",24
January/16/2013,January,16,2013,"3,696",35
January/16/2014,January,16,2014,"3,555",39
January/16/2015,January,16,2015,"3,914",32
January/16/2016,January,16,2016,"3,652",47
January/16/2017,January,16,2017,"3,743",37
February/16/2013,February,16,2013,"3,245",36
February/16/2014,February,16,2014,"3,176",26
February/16/2015,February,16,2015,"3,440",12
February/16/2016,February,16,2016,"4,161",45
February/16/2017,February,16,2017,"3,707",32
March/16/2013,March,16,2013,"3,526",37
March/16/2014,March,16,2014,"3,398",36
March/16/2015,March,16,2015,"3,848",44
March/16/2016,March,16,2016,"4,001",57
March/16/2017,March,16,2017,"4,247",32
April/16/2013,April,16,2013,"3,567",55
April/16/2014,April,16,2014,"3,491",40
April/16/2015,April,16,2015,"3,986",58
April/16/2016,April,16,2016,"3,886",56
April/16/2017,April,16,2017,"4,021",73
May/16/2013,May,16,2013,"3,921",71
May/16/2014,May,16,2014,"3,930",63
May/16/2015,May,16,2015,"4,141",66
May/16/2016,May,16,2016,"4,077",55
May/16/2017,May,16,2017,"4,120",68
June/16/2013,June,16,2013,"3,564",73
June/16/2014,June,16,2014,"4,186",72
June/16/2015,June,16,2015,"4,087",72
June/16/2016,June,16,2016,"3,986",70
June/16/2017,June,16,2017,"4,106",66
July/16/2013,July,16,2013,"3,950",86
July/16/2014,July,16,2014,"3,655",75
July/16/2015,July,16,2015,"4,119",72
July/16/2016,July,16,2016,"4,075",83
July/16/2017,July,16,2017,"4,102",78
August/16/2013,August,16,2013,"3,734",73
August/16/2014,August,16,2014,"3,619",71
August/16/2015,August,16,2015,"4,207",85
August/16/2016,August,16,2016,"4,179",83
August/16/2017,August,16,2017,"4,129",79
September/16/2013,September,16,2013,"3,652",65
September/16/2014,September,16,2014,"3,640",64
September/16/2015,September,16,2015,"4,158",77
September/16/2016,September,16,2016,"4,010",67
September/16/2017,September,16,2017,"4,388",76
October/16/2013,October,16,2013,"3,404",62
October/16/2014,October,16,2014,"3,989",66
October/16/2015,October,16,2015,"4,015",59
October/16/2016,October,16,2016,"3,751",61
October/16/2017,October,16,2017,"4,117",58
November/16/2013,November,16,2013,"3,460",53
November/16/2014,November,16,2014,"3,340",40
November/16/2015,November,16,2015,"3,978",59
November/16/2016,November,16,2016,"3,942",53
November/16/2017,November,16,2017,"4,066",50
December/16/2013,December,16,2013,"3,818",29
December/16/2014,December,16,2014,"3,790",44
December/16/2015,December,16,2015,"3,868",50
December/16/2016,December,16,2016,"4,121",22
December/16/2017,December,16,2017,"3,890",31
January/17/2013,January,17,2013,"3,578",39
January/17/2014,January,17,2014,"3,644",39
January/17/2015,January,17,2015,"3,654",25
January/17/2016,January,17,2016,"3,472",36
January/17/2017,January,17,2017,"4,019",40
February/17/2013,February,17,2013,"3,144",25
February/17/2014,February,17,2014,"3,262",25
February/17/2015,February,17,2015,"3,835",21
February/17/2016,February,17,2016,"3,813",37
February/17/2017,February,17,2017,"3,893",34
March/17/2013,March,17,2013,"3,198",34
March/17/2014,March,17,2014,"3,864",29
March/17/2015,March,17,2015,"3,969",46
March/17/2016,March,17,2016,"4,277",54
March/17/2017,March,17,2017,"4,406",38
April/17/2013,April,17,2013,"3,754",63
April/17/2014,April,17,2014,"3,322",42
April/17/2015,April,17,2015,"4,127",63
April/17/2016,April,17,2016,"3,876",60
April/17/2017,April,17,2017,"3,962",66
May/17/2013,May,17,2013,"4,010",65
May/17/2014,May,17,2014,"3,697",62
May/17/2015,May,17,2015,"4,149",74
May/17/2016,May,17,2016,"3,927",58
May/17/2017,May,17,2017,"4,529",78
June/17/2013,June,17,2013,"4,130",77
June/17/2014,June,17,2014,"4,068",80
June/17/2015,June,17,2015,"4,325",74
June/17/2016,June,17,2016,"4,086",71
June/17/2017,June,17,2017,"3,898",70
July/17/2013,July,17,2013,"4,016",88
July/17/2014,July,17,2014,"3,873",74
July/17/2015,July,17,2015,"4,317",74
July/17/2016,July,17,2016,"4,077",82
July/17/2017,July,17,2017,"4,305",79
August/17/2013,August,17,2013,"3,653",74
August/17/2014,August,17,2014,"3,749",74
August/17/2015,August,17,2015,"4,355",87
August/17/2016,August,17,2016,"4,026",81
August/17/2017,August,17,2017,"4,122",76
September/17/2013,September,17,2013,"3,347",58
September/17/2014,September,17,2014,"3,811",64
September/17/2015,September,17,2015,"4,149",79
September/17/2016,September,17,2016,"3,943",68
September/17/2017,September,17,2017,"4,161",75
October/17/2013,October,17,2013,"3,605",67
October/17/2014,October,17,2014,"4,076",65
October/17/2015,October,17,2015,"3,614",49
October/17/2016,October,17,2016,"4,344",72
October/17/2017,October,17,2017,"3,896",50
November/17/2013,November,17,2013,"3,354",56
November/17/2014,November,17,2014,"3,897",46
November/17/2015,November,17,2015,"3,783",46
November/17/2016,November,17,2016,"3,967",55
November/17/2017,November,17,2017,"3,985",42
December/17/2013,December,17,2013,"3,821",28
December/17/2014,December,17,2014,"3,971",48
December/17/2015,December,17,2015,"3,895",55
December/17/2016,December,17,2016,"3,928",32
December/17/2017,December,17,2017,"3,828",35
January/18/2013,January,18,2013,"3,613",30
January/18/2014,January,18,2014,"3,160",35
January/18/2015,January,18,2015,"4,813",37
January/18/2016,January,18,2016,"3,484",25
January/18/2017,January,18,2017,"3,845",40
February/18/2013,February,18,2013,"3,144",26
February/18/2014,February,18,2014,"3,430",33
February/18/2015,February,18,2015,"3,717",26
February/18/2016,February,18,2016,"3,777",32
February/18/2017,February,18,2017,"3,834",49
March/18/2013,March,18,2013,"3,578",32
March/18/2014,March,18,2014,"3,719",36
March/18/2015,March,18,2015,"3,767",34
March/18/2016,March,18,2016,"4,055",50
March/18/2017,March,18,2017,"3,813",37
April/18/2013,April,18,2013,"3,559",55
April/18/2014,April,18,2014,"3,307",42
April/18/2015,April,18,2015,"4,197",70
April/18/2016,April,18,2016,"4,150",67
April/18/2017,April,18,2017,"3,796",56
May/18/2013,May,18,2013,"3,596",61
May/18/2014,May,18,2014,"3,515",59
May/18/2015,May,18,2015,"4,174",68
May/18/2016,May,18,2016,"3,920",60
May/18/2017,May,18,2017,"4,836",84
June/18/2013,June,18,2013,"3,676",74
June/18/2014,June,18,2014,"4,020",83
June/18/2015,June,18,2015,"4,138",68
June/18/2016,June,18,2016,"4,127",74
June/18/2017,June,18,2017,"4,032",78
July/18/2013,July,18,2013,"4,139",90
July/18/2014,July,18,2014,"3,651",73
July/18/2015,July,18,2015,"4,167",78
July/18/2016,July,18,2016,"4,383",83
July/18/2017,July,18,2017,"4,218",81
August/18/2013,August,18,2013,"3,452",72
August/18/2014,August,18,2014,"3,766",72
August/18/2015,August,18,2015,"4,252",82
August/18/2016,August,18,2016,"4,024",79
August/18/2017,August,18,2017,"4,064",78
September/18/2013,September,18,2013,"3,503",62
September/18/2014,September,18,2014,"4,050",67
September/18/2015,September,18,2015,"4,357",78
September/18/2016,September,18,2016,"3,833",76
September/18/2017,September,18,2017,"4,335",71
October/18/2013,October,18,2013,"3,734",62
October/18/2014,October,18,2014,"3,825",63
October/18/2015,October,18,2015,"3,412",44
October/18/2016,October,18,2016,"4,169",74
October/18/2017,October,18,2017,"4,170",61
November/18/2013,November,18,2013,"3,705",58
November/18/2014,November,18,2014,"3,599",35
November/18/2015,November,18,2015,"3,796",52
November/18/2016,November,18,2016,"4,102",54
November/18/2017,November,18,2017,"3,900",45
December/18/2013,December,18,2013,"3,869",30
December/18/2014,December,18,2014,"3,896",40
December/18/2015,December,18,2015,"3,914",48
December/18/2016,December,18,2016,"3,969",45
December/18/2017,December,18,2017,"4,340",41
January/19/2013,January,19,2013,"3,396",41
January/19/2014,January,19,2014,"3,234",31
January/19/2015,January,19,2015,"3,595",39
January/19/2016,January,19,2016,"3,885",22
January/19/2017,January,19,2017,"4,057",44
February/19/2013,February,19,2013,"3,386",41
February/19/2014,February,19,2014,"3,513",40
February/19/2015,February,19,2015,"3,629",18
February/19/2016,February,19,2016,"3,801",32
February/19/2017,February,19,2017,"3,834",59
March/19/2013,March,19,2013,"3,312",38
March/19/2014,March,19,2014,"3,673",39
March/19/2015,March,19,2015,"3,620",36
March/19/2016,March,19,2016,"3,605",41
March/19/2017,March,19,2017,"3,700",41
April/19/2013,April,19,2013,"3,616",63
April/19/2014,April,19,2014,"3,531",55
April/19/2015,April,19,2015,"3,763",56
April/19/2016,April,19,2016,"4,122",64
April/19/2017,April,19,2017,"3,835",50
May/19/2013,May,19,2013,"3,242",57
May/19/2014,May,19,2014,"3,921",61
May/19/2015,May,19,2015,"4,125",70
May/19/2016,May,19,2016,"3,942",64
May/19/2017,May,19,2017,"4,975",79
June/19/2013,June,19,2013,"3,692",68
June/19/2014,June,19,2014,"3,930",73
June/19/2015,June,19,2015,"4,288",78
June/19/2016,June,19,2016,"3,855",77
June/19/2017,June,19,2017,"4,465",79
July/19/2013,July,19,2013,"4,497",90
July/19/2014,July,19,2014,"3,541",72
July/19/2015,July,19,2015,"4,410",86
July/19/2016,July,19,2016,"3,958",78
July/19/2017,July,19,2017,"4,189",85
August/19/2013,August,19,2013,"3,514",73
August/19/2014,August,19,2014,"3,672",73
August/19/2015,August,19,2015,"4,085",82
August/19/2016,August,19,2016,"4,250",81
August/19/2017,August,19,2017,"4,155",80
September/19/2013,September,19,2013,"3,519",67
September/19/2014,September,19,2014,"3,965",60
September/19/2015,September,19,2015,"4,189",76
September/19/2016,September,19,2016,"3,938",73
September/19/2017,September,19,2017,"4,146",74
October/19/2013,October,19,2013,"3,477",58
October/19/2014,October,19,2014,"3,363",50
October/19/2015,October,19,2015,"3,913",44
October/19/2016,October,19,2016,"4,135",75
October/19/2017,October,19,2017,"4,244",64
November/19/2013,November,19,2013,"3,434",44
November/19/2014,November,19,2014,"3,597",29
November/19/2015,November,19,2015,"3,880",61
November/19/2016,November,19,2016,"3,917",50
November/19/2017,November,19,2017,"3,671",49
December/19/2013,December,19,2013,"3,905",39
December/19/2014,December,19,2014,"4,047",35
December/19/2015,December,19,2015,"3,596",38
December/19/2016,December,19,2016,"4,194",27
December/19/2017,December,19,2017,"4,155",50
January/20/2013,January,20,2013,"3,271",42
January/20/2014,January,20,2014,"3,226",39
January/20/2015,January,20,2015,"3,978",36
January/20/2016,January,20,2016,"3,770",32
January/20/2017,January,20,2017,"4,113",43
February/20/2013,February,20,2013,"3,363",32
February/20/2014,February,20,2014,"3,711",44
February/20/2015,February,20,2015,"3,563",11
February/20/2016,February,20,2016,"3,912",50
February/20/2017,February,20,2017,"3,663",47
March/20/2013,March,20,2013,"3,547",39
March/20/2014,March,20,2014,"3,816",47
March/20/2015,March,20,2015,"3,678",34
March/20/2016,March,20,2016,"3,408",38
March/20/2017,March,20,2017,"4,159",43
April/20/2013,April,20,2013,"3,273",52
April/20/2014,April,20,2014,"3,182",53
April/20/2015,April,20,2015,"3,969",52
April/20/2016,April,20,2016,"4,028",59
April/20/2017,April,20,2017,"4,105",58
May/20/2013,May,20,2013,"4,157",69
May/20/2014,May,20,2014,"3,890",66
May/20/2015,May,20,2015,"4,031",61
May/20/2016,May,20,2016,"4,227",65
May/20/2017,May,20,2017,"4,095",60
June/20/2013,June,20,2013,"3,757",71
June/20/2014,June,20,2014,"3,981",72
June/20/2015,June,20,2015,"3,997",70
June/20/2016,June,20,2016,"4,236",74
June/20/2017,June,20,2017,"4,142",77
July/20/2013,July,20,2013,"4,053",87
July/20/2014,July,20,2014,"3,531",73
July/20/2015,July,20,2015,"4,740",88
July/20/2016,July,20,2016,"4,003",77
July/20/2017,July,20,2017,"4,340",86
August/20/2013,August,20,2013,"3,687",78
August/20/2014,August,20,2014,"3,754",77
August/20/2015,August,20,2015,"4,173",82
August/20/2016,August,20,2016,"4,062",77
August/20/2017,August,20,2017,"3,914",75
September/20/2013,September,20,2013,"3,837",70
September/20/2014,September,20,2014,"3,727",66
September/20/2015,September,20,2015,"3,842",72
September/20/2016,September,20,2016,"4,228",75
September/20/2017,September,20,2017,"4,279",75
October/20/2013,October,20,2013,"3,251",57
October/20/2014,October,20,2014,"3,862",51
October/20/2015,October,20,2015,"4,058",59
October/20/2016,October,20,2016,"3,978",66
October/20/2017,October,20,2017,"4,206",65
November/20/2013,November,20,2013,"3,422",38
November/20/2014,November,20,2014,"3,545",38
November/20/2015,November,20,2015,"3,926",55
November/20/2016,November,20,2016,"3,420",38
November/20/2017,November,20,2017,"4,045",42
December/20/2013,December,20,2013,"3,885",47
December/20/2014,December,20,2014,"3,515",32
December/20/2015,December,20,2015,"3,432",39
December/20/2016,December,20,2016,"4,044",27
December/20/2017,December,20,2017,"4,026",43
January/21/2013,January,21,2013,"3,164",29
January/21/2014,January,21,2014,"4,129",21
January/21/2015,January,21,2015,"3,994",31
January/21/2016,January,21,2016,"3,758",31
January/21/2017,January,21,2017,"3,874",45
February/21/2013,February,21,2013,"3,208",29
February/21/2014,February,21,2014,"3,506",43
February/21/2015,February,21,2015,"3,545",23
February/21/2016,February,21,2016,"3,653",50
February/21/2017,February,21,2017,"3,628",41
March/21/2013,March,21,2013,"3,489",35
March/21/2014,March,21,2014,"3,978",45
March/21/2015,March,21,2015,"3,530",38
March/21/2016,March,21,2016,"3,896",41
March/21/2017,March,21,2017,"3,991",51
April/21/2013,April,21,2013,"3,156",46
April/21/2014,April,21,2014,"3,680",54
April/21/2015,April,21,2015,"3,959",59
April/21/2016,April,21,2016,"4,172",61
April/21/2017,April,21,2017,"4,005",51
May/21/2013,May,21,2013,"4,112",77
May/21/2014,May,21,2014,"3,871",69
May/21/2015,May,21,2015,"3,837",57
May/21/2016,May,21,2016,"3,782",60
May/21/2017,May,21,2017,"3,972",61
June/21/2013,June,21,2013,"3,962",73
June/21/2014,June,21,2014,"3,901",70
June/21/2015,June,21,2015,"3,968",80
June/21/2016,June,21,2016,"4,117",80
June/21/2017,June,21,2017,"4,274",77
July/21/2013,July,21,2013,"3,691",83
July/21/2014,July,21,2014,"3,838",76
July/21/2015,July,21,2015,"4,231",82
July/21/2016,July,21,2016,"4,061",81
July/21/2017,July,21,2017,"4,470",84
August/21/2013,August,21,2013,"3,614",81
August/21/2014,August,21,2014,"3,750",74
August/21/2015,August,21,2015,"4,093",79
August/21/2016,August,21,2016,"3,909",80
August/21/2017,August,21,2017,"4,226",79
September/21/2013,September,21,2013,"3,544",69
September/21/2014,September,21,2014,"3,979",71
September/21/2015,September,21,2015,"4,013",66
September/21/2016,September,21,2016,"4,110",76
September/21/2017,September,21,2017,"4,054",76
October/21/2013,October,21,2013,"3,603",58
October/21/2014,October,21,2014,"3,928",61
October/21/2015,October,21,2015,"4,078",67
October/21/2016,October,21,2016,"4,211",63
October/21/2017,October,21,2017,"3,949",67
November/21/2013,November,21,2013,"3,406",44
November/21/2014,November,21,2014,"3,575",33
November/21/2015,November,21,2015,"3,607",48
November/21/2016,November,21,2016,"3,752",39
November/21/2017,November,21,2017,"3,922",50
December/21/2013,December,21,2013,"3,952",58
December/21/2014,December,21,2014,"3,388",34
December/21/2015,December,21,2015,"3,869",48
December/21/2016,December,21,2016,"4,086",35
December/21/2017,December,21,2017,"4,097",36
January/22/2013,January,22,2013,"3,440",20
January/22/2014,January,22,2014,"3,323",11
January/22/2015,January,22,2015,"3,745",36
January/22/2016,January,22,2016,"3,905",26
January/22/2017,January,22,2017,"3,729",46
February/22/2013,February,22,2013,"3,424",32
February/22/2014,February,22,2014,"3,498",47
February/22/2015,February,22,2015,"3,565",38
February/22/2016,February,22,2016,"4,110",45
February/22/2017,February,22,2017,"3,626",50
March/22/2013,March,22,2013,"3,477",35
March/22/2014,March,22,2014,"3,642",52
March/22/2015,March,22,2015,"3,418",36
March/22/2016,March,22,2016,"3,802",46
March/22/2017,March,22,2017,"3,840",37
April/22/2013,April,22,2013,"3,620",48
April/22/2014,April,22,2014,"3,544",61
April/22/2015,April,22,2015,"4,022",59
April/22/2016,April,22,2016,"4,218",71
April/22/2017,April,22,2017,"3,812",53
May/22/2013,May,22,2013,"3,754",69
May/22/2014,May,22,2014,"3,634",63
May/22/2015,May,22,2015,"4,216",65
May/22/2016,May,22,2016,"3,610",61
May/22/2017,May,22,2017,"4,123",57
June/22/2013,June,22,2013,"3,866",75
June/22/2014,June,22,2014,"3,702",72
June/22/2015,June,22,2015,"4,430",79
June/22/2016,June,22,2016,"4,135",77
June/22/2017,June,22,2017,"4,385",76
July/22/2013,July,22,2013,"4,189",81
July/22/2014,July,22,2014,"3,782",79
July/22/2015,July,22,2015,"4,130",77
July/22/2016,July,22,2016,"4,208",84
July/22/2017,July,22,2017,"4,331",82
August/22/2013,August,22,2013,"3,520",75
August/22/2014,August,22,2014,"3,563",72
August/22/2015,August,22,2015,"4,074",78
August/22/2016,August,22,2016,"3,831",72
August/22/2017,August,22,2017,"4,255",81
September/22/2013,September,22,2013,"3,441",62
September/22/2014,September,22,2014,"3,966",63
September/22/2015,September,22,2015,"3,944",67
September/22/2016,September,22,2016,"4,167",76
September/22/2017,September,22,2017,"4,087",74
October/22/2013,October,22,2013,"3,492",59
October/22/2014,October,22,2014,"3,651",54
October/22/2015,October,22,2015,"4,090",67
October/22/2016,October,22,2016,"3,579",52
October/22/2017,October,22,2017,"3,909",67
November/22/2013,November,22,2013,"3,649",54
November/22/2014,November,22,2014,"3,457",36
November/22/2015,November,22,2015,"3,434",49
November/22/2016,November,22,2016,"3,689",39
November/22/2017,November,22,2017,"4,057",46
December/22/2013,December,22,2013,"3,622",66
December/22/2014,December,22,2014,"3,715",40
December/22/2015,December,22,2015,"3,865",58
December/22/2016,December,22,2016,"4,180",43
December/22/2017,December,22,2017,"4,379",43
January/23/2013,January,23,2013,"3,244",16
January/23/2014,January,23,2014,"3,641",14
January/23/2015,January,23,2015,"3,876",34
January/23/2016,January,23,2016,"3,994",26
January/24/2017,January,24,2017,"4,106",40
February/23/2013,February,23,2013,"3,232",39
February/23/2014,February,23,2014,"3,443",49
February/24/2015,February,24,2015,"4,124",23
February/23/2016,February,23,2016,"3,861",38
February/23/2017,February,23,2017,"3,695",55
March/23/2013,March,23,2013,"3,219",39
March/23/2014,March,23,2014,"3,427",35
March/23/2015,March,23,2015,"3,849",31
March/24/2016,March,24,2016,"4,053",60
March/23/2017,March,23,2017,"3,863",33
April/23/2013,April,23,2013,"3,395",47
April/23/2014,April,23,2014,"3,573",53
April/23/2015,April,23,2015,"3,788",47
April/23/2016,April,23,2016,"3,908",63
April/23/2017,April,23,2017,"3,788",56
May/23/2013,May,23,2013,"3,847",72
May/23/2014,May,23,2014,"3,773",64
May/23/2015,May,23,2015,"3,746",60
May/24/2016,May,24,2016,"4,129",67
May/24/2017,May,24,2017,"4,091",63
June/23/2013,June,23,2013,"3,791",79
June/23/2014,June,23,2014,"3,910",73
June/24/2015,June,24,2015,"4,379",83
June/24/2016,June,24,2016,"4,087",76
June/24/2017,June,24,2017,"4,458",80
July/23/2013,July,23,2013,"3,929",80
July/23/2014,July,23,2014,"3,966",80
July/24/2015,July,24,2015,"4,237",77
July/24/2016,July,24,2016,"4,344",88
July/23/2017,July,23,2017,"3,901",75
August/23/2013,August,23,2013,"3,698",77
August/23/2014,August,23,2014,"3,627",72
August/24/2015,August,24,2015,"4,048",78
August/23/2016,August,23,2016,"3,870",72
August/23/2017,August,23,2017,"3,915",76
September/23/2013,September,23,2013,"3,702",58
September/23/2014,September,23,2014,"3,863",62
September/23/2015,September,23,2015,"3,787",70
September/24/2016,September,24,2016,"4,361",76
September/24/2017,September,24,2017,"4,236",78
October/23/2013,October,23,2013,"3,326",50
October/23/2014,October,23,2014,"3,620",52
October/23/2015,October,23,2015,"3,924",55
October/23/2016,October,23,2016,"3,605",53
October/24/2017,October,24,2017,"4,296",68
November/23/2013,November,23,2013,"3,322",43
November/23/2014,November,23,2014,"3,414",50
November/23/2015,November,23,2015,"3,669",39
November/23/2016,November,23,2016,"3,650",40
November/23/2017,November,23,2017,"3,383",37
December/23/2013,December,23,2013,"3,708",53
December/23/2014,December,23,2014,"3,919",45
December/23/2015,December,23,2015,"3,919",58
December/24/2016,December,24,2016,"4,362",43
December/23/2017,December,23,2017,"3,920",43
January/24/2013,January,24,2013,"3,379",17
January/24/2014,January,24,2014,"3,463",15
January/24/2015,January,24,2015,"3,571",36
January/24/2016,January,24,2016,"3,982",28
January/24/2017,January,24,2017,"3,863",37
February/24/2013,February,24,2013,"3,169",41
February/24/2014,February,24,2014,"3,564",36
February/24/2015,February,24,2015,"3,862",14
February/24/2016,February,24,2016,"3,999",48
February/24/2017,February,24,2017,"4,064",64
March/24/2013,March,24,2013,"3,225",40
March/24/2014,March,24,2014,"3,508",28
March/24/2015,March,24,2015,"3,716",36
March/24/2016,March,24,2016,"3,981",50
March/24/2017,March,24,2017,"3,947",47
April/24/2013,April,24,2013,"3,563",57
April/24/2014,April,24,2014,"3,533",52
April/24/2015,April,24,2015,"3,925",46
April/24/2016,April,24,2016,"3,550",58
April/24/2017,April,24,2017,"4,108",54
May/24/2013,May,24,2013,"3,575",55
May/24/2014,May,24,2014,"3,365",64
May/24/2015,May,24,2015,"3,850",69
May/24/2016,May,24,2016,"3,983",66
May/24/2017,May,24,2017,"4,190",63
June/24/2013,June,24,2013,"4,291",83
June/24/2014,June,24,2014,"3,789",75
June/24/2015,June,24,2015,"4,339",76
June/24/2016,June,24,2016,"4,292",76
June/24/2017,June,24,2017,"4,215",78
July/24/2013,July,24,2013,"3,652",76
July/24/2014,July,24,2014,"3,754",75
July/24/2015,July,24,2015,"4,272",79
July/24/2016,July,24,2016,"4,116",85
July/24/2017,July,24,2017,"3,853",68
August/24/2013,August,24,2013,"3,515",73
August/24/2014,August,24,2014,"3,652",72
August/24/2015,August,24,2015,"4,079",80
August/24/2016,August,24,2016,"3,889",78
August/24/2017,August,24,2017,"3,895",73
September/24/2013,September,24,2013,"3,684",60
September/24/2014,September,24,2014,"3,833",65
September/24/2015,September,24,2015,"4,036",71
September/24/2016,September,24,2016,"3,813",65
September/24/2017,September,24,2017,"4,287",80
October/24/2013,October,24,2013,"3,572",48
October/24/2014,October,24,2014,"3,915",57
October/24/2015,October,24,2015,"3,525",49
October/24/2016,October,24,2016,"3,913",55
October/24/2017,October,24,2017,"3,995",71
November/24/2013,November,24,2013,"3,023",27
November/24/2014,November,24,2014,"4,036",61
November/24/2015,November,24,2015,"3,670",39
November/24/2016,November,24,2016,"3,180",43
November/24/2017,November,24,2017,"3,896",43
December/24/2013,December,24,2013,"3,290",34
December/24/2014,December,24,2014,"3,658",51
December/24/2015,December,24,2015,"3,821",68
December/24/2016,December,24,2016,"4,024",43
December/24/2017,December,24,2017,"3,592",39
January/25/2013,January,25,2013,"3,526",19
January/25/2014,January,25,2014,"3,217",24
January/25/2015,January,25,2015,"3,577",37
January/25/2016,January,25,2016,"4,558",34
January/25/2017,January,25,2017,"4,051",44
February/25/2013,February,25,2013,"3,532",39
February/25/2014,February,25,2014,"3,378",29
February/25/2015,February,25,2015,"3,955",29
February/25/2016,February,25,2016,"3,982",49
February/25/2017,February,25,2017,"3,794",54
March/25/2013,March,25,2013,"3,421",38
March/25/2014,March,25,2014,"3,676",33
March/25/2015,March,25,2015,"3,907",42
March/25/2016,March,25,2016,"3,850",58
March/25/2017,March,25,2017,"3,764",52
April/25/2013,April,25,2013,"3,618",56
April/25/2014,April,25,2014,"3,608",54
April/25/2015,April,25,2015,"3,780",50
April/25/2016,April,25,2016,"4,054",60
April/25/2017,April,25,2017,"3,960",52
May/25/2013,May,25,2013,"3,232",50
May/25/2014,May,25,2014,"3,575",68
May/25/2015,May,25,2015,"3,794",75
May/25/2016,May,25,2016,"4,268",75
May/25/2017,May,25,2017,"4,037",58
June/25/2013,June,25,2013,"3,935",82
June/25/2014,June,25,2014,"3,860",78
June/25/2015,June,25,2015,"4,199",74
June/25/2016,June,25,2016,"3,965",75
June/25/2017,June,25,2017,"4,353",76
July/25/2013,July,25,2013,"3,331",66
July/25/2014,July,25,2014,"3,826",74
July/25/2015,July,25,2015,"4,183",79
July/25/2016,July,25,2016,"4,240",83
July/25/2017,July,25,2017,"3,847",67
August/25/2013,August,25,2013,"3,500",74
August/25/2014,August,25,2014,"3,733",76
August/25/2015,August,25,2015,"4,096",82
August/25/2016,August,25,2016,"3,980",78
August/25/2017,August,25,2017,"4,061",71
September/25/2013,September,25,2013,"3,610",63
September/25/2014,September,25,2014,"3,465",61
September/25/2015,September,25,2015,"4,078",70
September/25/2016,September,25,2016,"3,787",62
September/25/2017,September,25,2017,"4,296",79
October/25/2013,October,25,2013,"3,523",47
October/25/2014,October,25,2014,"3,750",59
October/25/2015,October,25,2015,"3,508",58
October/25/2016,October,25,2016,"3,613",48
October/25/2017,October,25,2017,"4,034",62
November/25/2013,November,25,2013,"3,489",29
November/25/2014,November,25,2014,"3,579",60
November/25/2015,November,25,2015,"3,589",43
November/25/2016,November,25,2016,"3,833",50
November/25/2017,November,25,2017,"3,844",50
December/25/2013,December,25,2013,"3,207",25
December/25/2014,December,25,2014,"3,476",53
December/25/2015,December,25,2015,"3,661",62
December/25/2016,December,25,2016,"3,582",43
December/25/2017,December,25,2017,"3,401",33
January/26/2013,January,26,2013,"3,328",21
January/26/2014,January,26,2014,"3,198",26
January/26/2015,January,26,2015,"3,921",27
January/26/2016,January,26,2016,"4,253",43
January/26/2017,January,26,2017,"4,054",50
February/26/2013,February,26,2013,"3,462",40
February/26/2014,February,26,2014,"3,337",26
February/26/2015,February,26,2015,"3,605",27
February/26/2016,February,26,2016,"4,079",33
February/26/2017,February,26,2017,"3,376",40
March/26/2013,March,26,2013,"3,241",45
March/26/2014,March,26,2014,"3,848",30
March/26/2015,March,26,2015,"3,863",52
March/26/2016,March,26,2016,"3,569",47
March/26/2017,March,26,2017,"3,485",40
April/26/2013,April,26,2013,"3,644",59
April/26/2014,April,26,2014,"3,668",57
April/26/2015,April,26,2015,"3,684",55
April/26/2016,April,26,2016,"3,596",54
April/26/2017,April,26,2017,"3,915",57
May/26/2013,May,26,2013,"3,346",57
May/26/2014,May,26,2014,"3,610",76
May/26/2015,May,26,2015,"4,337",78
May/26/2016,May,26,2016,"4,309",80
May/26/2017,May,26,2017,"4,253",65
June/26/2013,June,26,2013,"4,053",80
June/26/2014,June,26,2014,"3,879",78
June/26/2015,June,26,2015,"4,284",75
June/26/2016,June,26,2016,"3,904",77
June/26/2017,June,26,2017,"4,211",72
July/26/2013,July,26,2013,"3,539",74
July/26/2014,July,26,2014,"3,796",75
July/26/2015,July,26,2015,"4,211",82
July/26/2016,July,26,2016,"4,113",81
July/26/2017,July,26,2017,"3,996",71
August/26/2013,August,26,2013,"3,595",76
August/26/2014,August,26,2014,"3,837",80
August/26/2015,August,26,2015,"3,883",76
August/26/2016,August,26,2016,"4,174",83
August/26/2017,August,26,2017,"3,811",70
September/26/2013,September,26,2013,"3,591",65
September/26/2014,September,26,2014,"3,916",68
September/26/2015,September,26,2015,"3,757",67
September/26/2016,September,26,2016,"3,977",64
September/26/2017,September,26,2017,"4,150",76
October/26/2013,October,26,2013,"3,368",48
October/26/2014,October,26,2014,"3,512",58
October/26/2015,October,26,2015,"3,844",52
October/26/2016,October,26,2016,"3,706",45
October/26/2017,October,26,2017,"3,904",54
November/26/2013,November,26,2013,"3,623",40
November/26/2014,November,26,2014,"3,338",43
November/26/2015,November,26,2015,"3,212",51
November/26/2016,November,26,2016,"3,494",45
November/26/2017,November,26,2017,"3,520",46
December/26/2013,December,26,2013,"3,329",33
December/26/2014,December,26,2014,"3,693",45
December/26/2015,December,26,2015,"3,385",53
December/26/2016,December,26,2016,"3,940",42
December/26/2017,December,26,2017,"3,814",26
January/27/2013,January,27,2013,"3,232",27
January/27/2014,January,27,2014,"3,569",33
January/27/2015,January,27,2015,"3,412",25
January/27/2016,January,27,2016,"3,966",41
January/27/2017,January,27,2017,"3,878",40
February/27/2013,February,27,2013,"3,300",42
February/27/2014,February,27,2014,"3,467",24
February/27/2015,February,27,2015,"3,853",24
February/27/2016,February,27,2016,"3,776",34
February/27/2017,February,27,2017,"3,849",45
March/27/2013,March,27,2013,"3,221",45
March/27/2014,March,27,2014,"3,747",33
March/27/2015,March,27,2015,"3,746",43
March/27/2016,March,27,2016,"3,418",49
March/27/2017,March,27,2017,"4,085",45
April/27/2013,April,27,2013,"3,432",60
April/27/2014,April,27,2014,"3,384",53
April/27/2015,April,27,2015,"3,867",56
April/27/2016,April,27,2016,"3,742",54
April/27/2017,April,27,2017,"4,115",64
May/27/2013,May,27,2013,"3,460",62
May/27/2014,May,27,2014,"4,311",75
May/27/2015,May,27,2015,"4,015",78
May/27/2016,May,27,2016,"4,354",80
May/27/2017,May,27,2017,"3,888",65
June/27/2013,June,27,2013,"3,856",80
June/27/2014,June,27,2014,"3,780",75
June/27/2015,June,27,2015,"3,824",65
June/27/2016,June,27,2016,"4,339",75
June/27/2017,June,27,2017,"4,306",69
July/27/2013,July,27,2013,"3,701",76
July/27/2014,July,27,2014,"3,807",78
July/27/2015,July,27,2015,"4,342",79
July/27/2016,July,27,2016,"4,233",83
July/27/2017,July,27,2017,"3,893",72
August/27/2013,August,27,2013,"3,611",79
August/27/2014,August,27,2014,"3,801",80
August/27/2015,August,27,2015,"3,999",75
August/27/2016,August,27,2016,"3,867",81
August/27/2017,August,27,2017,"3,843",71
September/27/2013,September,27,2013,"3,596",63
September/27/2014,September,27,2014,"3,988",72
September/27/2015,September,27,2015,"3,648",64
September/27/2016,September,27,2016,"3,952",69
September/27/2017,September,27,2017,"4,453",78
October/27/2013,October,27,2013,"3,272",52
October/27/2014,October,27,2014,"4,058",56
October/27/2015,October,27,2015,"3,689",52
October/27/2016,October,27,2016,"3,748",48
October/27/2017,October,27,2017,"4,114",55
November/27/2013,November,27,2013,"3,336",49
November/27/2014,November,27,2014,"2,976",36
November/27/2015,November,27,2015,"3,687",58
November/27/2016,November,27,2016,"3,421",45
November/27/2017,November,27,2017,"4,281",45
December/27/2013,December,27,2013,"3,481",36
December/27/2014,December,27,2014,"3,661",50
December/27/2015,December,27,2015,"3,564",54
December/27/2016,December,27,2016,"4,315",50
December/27/2017,December,27,2017,"3,944",21
January/28/2013,January,28,2013,"3,625",33
January/28/2014,January,28,2014,"3,474",17
January/28/2015,January,28,2015,"3,916",25
January/28/2016,January,28,2016,"4,039",37
January/28/2017,January,28,2017,"3,872",37
February/28/2013,February,28,2013,"3,481",45
February/28/2014,February,28,2014,"3,469",17
February/28/2015,February,28,2015,"3,567",21
February/28/2016,February,28,2016,"3,649",49
February/28/2017,February,28,2017,"3,774",53
March/28/2013,March,28,2013,"3,375",44
March/28/2014,March,28,2014,"3,969",50
March/28/2015,March,28,2015,"3,456",33
March/28/2016,March,28,2016,"3,874",52
March/28/2017,March,28,2017,"3,713",44
April/28/2013,April,28,2013,"3,238",60
April/28/2014,April,28,2014,"3,907",56
April/28/2015,April,28,2015,"3,989",61
April/28/2016,April,28,2016,"3,529",54
April/28/2017,April,28,2017,"4,350",72
May/28/2013,May,28,2013,"3,610",62
May/28/2014,May,28,2014,"3,499",59
May/28/2015,May,28,2015,"4,188",78
May/28/2016,May,28,2016,"4,202",82
May/28/2017,May,28,2017,"3,721",65
June/28/2013,June,28,2013,"3,859",79
June/28/2014,June,28,2014,"3,889",77
June/28/2015,June,28,2015,"3,707",68
June/28/2016,June,28,2016,"3,857",72
June/28/2017,June,28,2017,"4,158",70
July/28/2013,July,28,2013,"3,354",74
July/28/2014,July,28,2014,"3,829",75
July/28/2015,July,28,2015,"4,272",85
July/28/2016,July,28,2016,"4,128",85
July/28/2017,July,28,2017,"4,015",78
August/28/2013,August,28,2013,"3,514",79
August/28/2014,August,28,2014,"3,733",74
August/28/2015,August,28,2015,"3,891",73
August/28/2016,August,28,2016,"3,812",81
August/28/2017,August,28,2017,"3,816",70
September/28/2013,September,28,2013,"3,524",65
September/28/2014,September,28,2014,"3,785",74
September/28/2015,September,28,2015,"4,114",72
September/28/2016,September,28,2016,"3,726",63
September/28/2017,September,28,2017,"4,077",69
October/28/2013,October,28,2013,"3,720",52
October/28/2014,October,28,2014,"3,839",63
October/28/2015,October,28,2015,"3,722",61
October/28/2016,October,28,2016,"3,873",47
October/28/2017,October,28,2017,"4,029",62
November/28/2013,November,28,2013,"2,813",33
November/28/2014,November,28,2014,"3,425",33
November/28/2015,November,28,2015,"3,359",55
November/28/2016,November,28,2016,"3,914",45
November/28/2017,November,28,2017,"4,036",45
December/28/2013,December,28,2013,"3,435",46
December/28/2014,December,28,2014,"3,545",49
December/28/2015,December,28,2015,"3,660",40
December/28/2016,December,28,2016,"3,987",37
December/28/2017,December,28,2017,"3,928",15
January/29/2013,January,29,2013,"3,660",43
January/29/2014,January,29,2014,"3,466",19
January/29/2015,January,29,2015,"3,777",28
January/29/2016,January,29,2016,"4,068",36
January/29/2017,January,29,2017,"3,523",39
February/29/2016,February,29,2016,"4,177",54
March/29/2013,March,29,2013,"3,232",48
March/29/2014,March,29,2014,"3,516",51
March/29/2015,March,29,2015,"3,592",36
March/29/2016,March,29,2016,"3,728",47
March/29/2017,March,29,2017,"3,878",51
April/29/2013,April,29,2013,"3,579",55
April/29/2014,April,29,2014,"3,452",48
April/29/2015,April,29,2015,"4,211",64
April/29/2016,April,29,2016,"3,609",52
April/29/2017,April,29,2017,"4,360",75
May/29/2013,May,29,2013,"3,828",70
May/29/2014,May,29,2014,"3,659",59
May/29/2015,May,29,2015,"4,362",75
May/29/2016,May,29,2016,"4,049",79
May/29/2017,May,29,2017,"3,484",59
June/29/2013,June,29,2013,"4,009",77
June/29/2014,June,29,2014,"3,763",76
June/29/2015,June,29,2015,"4,234",70
June/29/2016,June,29,2016,"4,110",75
June/29/2017,June,29,2017,"4,035",75
July/29/2013,July,29,2013,"3,668",77
July/29/2014,July,29,2014,"3,557",70
July/29/2015,July,29,2015,"4,347",87
July/29/2016,July,29,2016,"4,010",77
July/29/2017,July,29,2017,"3,702",72
August/29/2013,August,29,2013,"3,510",76
August/29/2014,August,29,2014,"3,755",71
August/29/2015,August,29,2015,"3,981",77
August/29/2016,August,29,2016,"4,036",83
August/29/2017,August,29,2017,"3,500",65
September/29/2013,September,29,2013,"3,423",65
September/29/2014,September,29,2014,"4,097",73
September/29/2015,September,29,2015,"4,092",78
September/29/2016,September,29,2016,"3,632",61
September/29/2017,September,29,2017,"4,104",62
October/29/2013,October,29,2013,"3,550",50
October/29/2014,October,29,2014,"3,852",62
October/29/2015,October,29,2015,"3,894",65
October/29/2016,October,29,2016,"3,713",52
October/29/2017,October,29,2017,"3,901",64
November/29/2013,November,29,2013,"3,302",34
November/29/2014,November,29,2014,"3,164",36
November/29/2015,November,29,2015,"3,326",44
November/29/2016,November,29,2016,"3,945",56
November/29/2017,November,29,2017,"4,132",53
December/29/2013,December,29,2013,"3,269",45
December/29/2014,December,29,2014,"3,747",39
December/29/2015,December,29,2015,"3,589",40
December/29/2016,December,29,2016,"3,951",40
December/29/2017,December,29,2017,"4,011",17
January/30/2013,January,30,2013,"3,566",49
January/30/2014,January,30,2014,"3,454",23
January/30/2015,January,30,2015,"3,837",29
January/30/2016,January,30,2016,"3,753",34
January/30/2017,January,30,2017,"3,981",34
March/30/2013,March,30,2013,"3,395",50
March/30/2014,March,30,2014,"3,389",44
March/30/2015,March,30,2015,"3,873",45
March/30/2016,March,30,2016,"3,982",47
March/30/2017,March,30,2017,"3,919",45
April/30/2013,April,30,2013,"3,431",60
April/30/2014,April,30,2014,"3,220",47
April/30/2015,April,30,2015,"3,964",58
April/30/2016,April,30,2016,"3,859",56
April/30/2017,April,30,2017,"3,678",60
May/30/2013,May,30,2013,"4,085",81
May/30/2014,May,30,2014,"3,789",65
May/30/2015,May,30,2015,"4,194",76
May/30/2016,May,30,2016,"3,661",75
May/30/2017,May,30,2017,"4,023",58
June/30/2013,June,30,2013,"3,830",80
June/30/2014,June,30,2014,"3,899",77
June/30/2015,June,30,2015,"3,928",75
June/30/2016,June,30,2016,"4,121",76
June/30/2017,June,30,2017,"4,284",81
July/30/2013,July,30,2013,"3,668",75
July/30/2014,July,30,2014,"3,541",72
July/30/2015,July,30,2015,"4,291",82
July/30/2016,July,30,2016,"4,053",79
July/30/2017,July,30,2017,"3,841",73
August/30/2013,August,30,2013,"3,697",78
August/30/2014,August,30,2014,"3,758",73
August/30/2015,August,30,2015,"3,987",81
August/30/2016,August,30,2016,"3,767",78
August/30/2017,August,30,2017,"3,944",69
September/30/2013,September,30,2013,"3,611",66
September/30/2014,September,30,2014,"3,842",67
September/30/2015,September,30,2015,"3,947",69
September/30/2016,September,30,2016,"3,887",58
September/30/2017,September,30,2017,"3,863",60
October/30/2013,October,30,2013,"3,506",54
October/30/2014,October,30,2014,"3,832",53
October/30/2015,October,30,2015,"3,983",55
October/30/2016,October,30,2016,"4,064",65
October/30/2017,October,30,2017,"3,983",54
November/30/2013,November,30,2013,"3,124",32
November/30/2014,November,30,2014,"3,323",50
November/30/2015,November,30,2015,"3,749",40
November/30/2016,November,30,2016,"3,892",54
November/30/2017,November,30,2017,"4,052",46
December/30/2013,December,30,2013,"3,373",34
December/30/2014,December,30,2014,"3,473",31
December/30/2015,December,30,2015,"3,594",43
December/30/2016,December,30,2016,"3,941",37
December/30/2017,December,30,2017,"4,021",20
January/31/2013,January,31,2013,"3,510",46
January/31/2014,January,31,2014,"3,466",32
January/31/2015,January,31,2015,"3,592",20
January/31/2016,January,31,2016,"3,663",46
January/31/2017,January,31,2017,"3,702",30
March/31/2013,March,31,2013,"3,273",49
March/31/2014,March,31,2014,"4,010",46
March/31/2015,March,31,2015,"3,745",41
March/31/2016,March,31,2016,"4,027",61
March/31/2017,March,31,2017,"3,770",40
May/31/2013,May,31,2013,"4,367",83
May/31/2014,May,31,2014,"3,613",65
May/31/2015,May,31,2015,"4,033",72
May/31/2016,May,31,2016,"4,338",78
May/31/2017,May,31,2017,"4,156",67
July/31/2013,July,31,2013,"3,521",75
July/31/2014,July,31,2014,"3,693",75
July/31/2015,July,31,2015,"4,373",81
July/31/2016,July,31,2016,"3,770",75
July/31/2017,July,31,2017,"4,004",77
August/31/2013,August,31,2013,"3,840",80
August/31/2014,August,31,2014,"3,874",82
August/31/2015,August,31,2015,"4,402",84
August/31/2016,August,31,2016,"3,990",82
August/31/2017,August,31,2017,"3,755",73
October/31/2013,October,31,2013,"3,575",60
October/31/2014,October,31,2014,"3,793",50
October/31/2015,October,31,2015,"3,808",49
October/31/2016,October,31,2016,"3,743",49
October/31/2017,October,31,2017,"3,883",51
December/31/2013,December,31,2013,"3,249",27
December/31/2014,December,31,2014,"3,476",30
December/31/2015,December,31,2015,"3,446",45
December/31/2016,December,31,2016,"3,871",38
December/31/2017,December,31,2017,"3,734",15